-- --------------------------------------------------------
-- Servidor:                     157.230.80.44
-- Versão do servidor:           11.4.5-MariaDB-0ubuntu0.24.10.1 - Ubuntu 24.10
-- OS do Servidor:               debian-linux-gnu
-- HeidiSQL Versão:              12.10.0.7000
-- --------------------------------------------------------

/*!40101 SET @OLD_CHARACTER_SET_CLIENT=@@CHARACTER_SET_CLIENT */;
/*!40101 SET NAMES utf8 */;
/*!50503 SET NAMES utf8mb4 */;
/*!40103 SET @OLD_TIME_ZONE=@@TIME_ZONE */;
/*!40103 SET TIME_ZONE='+00:00' */;
/*!40014 SET @OLD_FOREIGN_KEY_CHECKS=@@FOREIGN_KEY_CHECKS, FOREIGN_KEY_CHECKS=0 */;
/*!40101 SET @OLD_SQL_MODE=@@SQL_MODE, SQL_MODE='NO_AUTO_VALUE_ON_ZERO' */;
/*!40111 SET @OLD_SQL_NOTES=@@SQL_NOTES, SQL_NOTES=0 */;


-- Copiando estrutura do banco de dados para quiz
CREATE DATABASE IF NOT EXISTS `quiz` /*!40100 DEFAULT CHARACTER SET utf8mb3 COLLATE utf8mb3_general_ci */;
USE `quiz`;

-- Copiando estrutura para tabela quiz.alternativas
CREATE TABLE IF NOT EXISTS `alternativas` (
  `idalternativas` int(11) NOT NULL AUTO_INCREMENT,
  `pergunta_idpergunta` int(11) NOT NULL,
  `alternativa` varchar(500) NOT NULL,
  PRIMARY KEY (`idalternativas`),
  KEY `fk_alternativas_pergunta1_idx` (`pergunta_idpergunta`),
  CONSTRAINT `fk_alternativas_pergunta1` FOREIGN KEY (`pergunta_idpergunta`) REFERENCES `perguntas` (`idpergunta`)
) ENGINE=InnoDB AUTO_INCREMENT=801 DEFAULT CHARSET=utf8mb3 COLLATE=utf8mb3_general_ci;

-- Copiando dados para a tabela quiz.alternativas: ~800 rows (aproximadamente)
DELETE FROM `alternativas`;
INSERT INTO `alternativas` (`idalternativas`, `pergunta_idpergunta`, `alternativa`) VALUES
	(1, 1, 'Uma certeza de que algo dará errado.'),
	(2, 1, 'Um evento incerto que pode ter um impacto positivo ou negativo no projeto.'),
	(3, 1, 'A falta de recursos financeiros.'),
	(4, 1, 'A equipe do projeto não ter experiência suficiente.'),
	(5, 2, 'Identificação de riscos.'),
	(6, 2, 'Análise de riscos.'),
	(7, 2, 'Resposta aos riscos.'),
	(8, 2, 'Ignorar os riscos.'),
	(9, 3, 'Brainstorming.'),
	(10, 3, 'Análise SWOT.'),
	(11, 3, 'Diagrama de Ishikawa.'),
	(12, 3, 'Todas as anteriores.'),
	(13, 4, 'Um documento que lista todos os riscos do projeto.'),
	(14, 4, 'Um conjunto de ações para lidar com os riscos identificados.'),
	(15, 4, 'Um relatório sobre os riscos que já ocorreram.'),
	(16, 4, 'Uma previsão de quanto o projeto vai custar.'),
	(17, 5, 'Manter todos os envolvidos informados sobre os riscos e as ações tomadas.'),
	(18, 5, 'Evitar que os riscos se tornem públicos.'),
	(19, 5, 'Garantir que a equipe do projeto não se preocupe com os riscos.'),
	(20, 5, 'Nenhuma das anteriores.'),
	(21, 6, 'Uma certeza absoluta.'),
	(22, 6, 'A possibilidade de um evento negativo ou positivo ocorrer.'),
	(23, 6, 'A ausência de incertezas.'),
	(24, 6, 'Um evento já ocorrido.'),
	(25, 7, 'Eliminar todos os riscos.'),
	(26, 7, 'Minimizar os impactos negativos e maximizar os positivos.'),
	(27, 7, 'Ignorar os riscos.'),
	(28, 7, 'Transferir todos os riscos para terceiros.'),
	(29, 8, 'Análise dos riscos.'),
	(30, 8, 'Identificação dos riscos.'),
	(31, 8, 'Monitoramento dos riscos.'),
	(32, 8, 'Avaliação dos riscos.'),
	(33, 9, 'Um risco que afeta apenas um departamento da empresa.'),
	(34, 9, 'Um risco que pode impactar os objetivos de longo prazo da empresa.'),
	(35, 9, 'Um risco de curto prazo e baixo impacto.'),
	(36, 9, 'Um risco relacionado apenas à segurança do trabalho.'),
	(37, 10, 'Um risco relacionado a falhas em processos internos.'),
	(38, 10, 'Um risco que afeta a reputação da empresa.'),
	(39, 10, 'Um risco financeiro.'),
	(40, 10, 'Um risco ambiental.'),
	(41, 11, 'Um risco relacionado a desastres naturais.'),
	(42, 11, 'Um risco que afeta a saúde dos colaboradores.'),
	(43, 11, 'Um risco de perdas monetárias.'),
	(44, 11, 'Um risco de segurança da informação.'),
	(45, 12, 'Um risco relacionado a problemas de saúde e segurança.'),
	(46, 12, 'Um risco que afeta a imagem da empresa perante o público.'),
	(47, 12, 'Um risco de falhas em equipamentos.'),
	(48, 12, 'Um risco de atrasos em projetos.'),
	(49, 13, 'Um risco relacionado a falhas em sistemas de TI.'),
	(50, 13, 'Um risco que afeta o meio ambiente.'),
	(51, 13, 'Um risco de acidentes de trabalho.'),
	(52, 13, 'Um risco de mudanças na legislação.'),
	(53, 14, 'Um risco relacionado a roubo de dados e ataques cibernéticos.'),
	(54, 14, 'Um risco de falhas em máquinas e equipamentos.'),
	(55, 14, 'Um risco de greves e paralisações.'),
	(56, 14, 'Um risco de mudanças climáticas.'),
	(57, 15, 'Um documento que lista todos os riscos da empresa.'),
	(58, 15, 'Um conjunto de ações para lidar com os riscos identificados.'),
	(59, 15, 'Um relatório sobre os resultados da gestão de riscos.'),
	(60, 15, 'Um software para monitorar os riscos.'),
	(61, 16, 'O impacto negativo de um risco.'),
	(62, 16, 'A chance de um risco ocorrer.'),
	(63, 16, 'A velocidade com que um risco se espalha.'),
	(64, 16, 'A dificuldade de evitar um risco.'),
	(65, 17, 'A chance de um risco ocorrer.'),
	(66, 17, 'As consequências negativas de um risco.'),
	(67, 17, 'A velocidade com que um risco se espalha.'),
	(68, 17, 'A dificuldade de evitar um risco.'),
	(69, 18, 'Um documento que lista todos os riscos da empresa.'),
	(70, 18, 'Uma ferramenta para classificar os riscos por probabilidade e impacto.'),
	(71, 18, 'Um relatório sobre os resultados da gestão de riscos.'),
	(72, 18, 'Um software para monitorar os riscos.'),
	(73, 19, 'Aversão total a riscos.'),
	(74, 19, 'O nível de risco que a empresa está disposta a aceitar.'),
	(75, 19, 'A busca por riscos elevados.'),
	(76, 19, 'A transferência de todos os riscos para terceiros.'),
	(77, 20, 'Aversão total a riscos.'),
	(78, 20, 'O nível de variação aceitável em relação ao apetite a risco.'),
	(79, 20, 'A busca por riscos elevados.'),
	(80, 20, 'A transferência de todos os riscos para terceiros.'),
	(81, 21, 'Eliminar completamente os riscos.'),
	(82, 21, 'Reduzir a probabilidade ou o impacto dos riscos.'),
	(83, 21, 'Transferir todos os riscos para terceiros.'),
	(84, 21, 'Ignorar os riscos.'),
	(85, 22, 'Eliminar completamente os riscos.'),
	(86, 22, 'Compartilhar os riscos com terceiros, como seguradoras.'),
	(87, 22, 'Reduzir a probabilidade ou o impacto dos riscos.'),
	(88, 22, 'Ignorar os riscos.'),
	(89, 23, 'Eliminar completamente os riscos.'),
	(90, 23, 'Decidir não tomar nenhuma ação em relação a um risco.'),
	(91, 23, 'Reduzir a probabilidade ou o impacto dos riscos.'),
	(92, 23, 'Transferir todos os riscos para terceiros.'),
	(93, 24, 'Identificar novos riscos.'),
	(94, 24, 'Acompanhar os riscos existentes e verificar a eficácia das ações de resposta.'),
	(95, 24, 'Avaliar a probabilidade e o impacto dos riscos.'),
	(96, 24, 'Definir o apetite a risco da empresa.'),
	(97, 25, 'Uma certeza de que algo ruim vai acontecer.'),
	(98, 25, 'A possibilidade de algo acontecer e ter um impacto positivo ou negativo.'),
	(99, 25, 'Um evento que já aconteceu e causou danos.'),
	(100, 25, 'Uma oportunidade de ganhar dinheiro.'),
	(101, 26, 'Identificação de riscos.'),
	(102, 26, 'Análise de riscos.'),
	(103, 26, 'Monitoramento e controle de riscos.'),
	(104, 26, 'Ignorar os riscos.'),
	(105, 27, 'O impacto que o risco pode causar.'),
	(106, 27, 'A chance de o risco acontecer.'),
	(107, 27, 'A gravidade do risco.'),
	(108, 27, 'A frequência com que o risco acontece.'),
	(109, 28, 'A chance de o risco acontecer.'),
	(110, 28, 'A gravidade das consequências do risco.'),
	(111, 28, 'A frequência com que o risco acontece.'),
	(112, 28, 'A probabilidade de o risco ser positivo.'),
	(113, 29, 'Aumento do preço dos materiais.'),
	(114, 29, 'Chuva forte que atrasa a obra.'),
	(115, 29, 'Falta de mão de obra qualificada.'),
	(116, 29, 'Todas as alternativas acima.'),
	(117, 30, 'Uma ferramenta para identificar riscos.'),
	(118, 30, 'Uma ferramenta para analisar a probabilidade e o impacto dos riscos.'),
	(119, 30, 'Uma ferramenta para monitorar os riscos.'),
	(120, 30, 'Todas as alternativas acima.'),
	(121, 31, 'Evitar o risco.'),
	(122, 31, 'Transferir o risco.'),
	(123, 31, 'Mitigar o risco.'),
	(124, 31, 'Todas as alternativas acima.'),
	(125, 32, 'A identificação de novos riscos.'),
	(126, 32, 'A análise da probabilidade e do impacto dos riscos.'),
	(127, 32, 'O acompanhamento contínuo dos riscos e a implementação de ações corretivas.'),
	(128, 32, 'A comunicação dos riscos aos stakeholders.'),
	(129, 33, 'Redução de perdas e aumento de ganhos.'),
	(130, 33, 'Melhoria da tomada de decisões.'),
	(131, 33, 'Aumento da confiança dos stakeholders.'),
	(132, 33, 'Todas as alternativas acima.'),
	(133, 34, 'O conjunto de valores, crenças e comportamentos relacionados à gestão de riscos em uma organização.'),
	(134, 34, 'A implementação de ferramentas e técnicas de gestão de riscos.'),
	(135, 34, 'A contratação de profissionais especializados em gestão de riscos.'),
	(136, 34, 'A comunicação dos riscos aos stakeholders.'),
	(137, 35, 'Um processo para eliminar todos os riscos de um projeto.'),
	(138, 35, 'Um processo de identificação, análise e resposta aos riscos.'),
	(139, 35, 'Uma técnica para aumentar os riscos em uma organização.'),
	(140, 35, 'Um método para ignorar riscos potenciais.'),
	(141, 36, 'Análise de riscos.'),
	(142, 36, 'Identificação de riscos.'),
	(143, 36, 'Resposta aos riscos.'),
	(144, 36, 'Monitoramento de riscos.'),
	(145, 37, 'Uma certeza de que algo dará errado.'),
	(146, 37, 'Um evento incerto que pode impactar objetivos positivamente ou negativamente.'),
	(147, 37, 'Um problema que já ocorreu.'),
	(148, 37, 'Uma oportunidade garantida.'),
	(149, 38, 'Aumento inesperado nas vendas.'),
	(150, 38, 'Perda de dados importantes.'),
	(151, 38, 'Conclusão antecipada de um projeto.'),
	(152, 38, 'Recebimento de um prêmio.'),
	(153, 39, 'Uma ferramenta para priorizar riscos com base na sua probabilidade e impacto.'),
	(154, 39, 'Um gráfico para medir o tempo de um projeto.'),
	(155, 39, 'Uma lista de tarefas a serem realizadas.'),
	(156, 39, 'Um método para calcular custos.'),
	(157, 40, 'Eliminar completamente o risco.'),
	(158, 40, 'Reduzir a probabilidade ou impacto do risco.'),
	(159, 40, 'Ignorar o risco.'),
	(160, 40, 'Aumentar o risco.'),
	(161, 41, 'Um documento que descreve como os riscos serão gerenciados.'),
	(162, 41, 'Uma lista de riscos ignorados.'),
	(163, 41, 'Um relatório financeiro.'),
	(164, 41, 'Um cronograma de atividades.'),
	(165, 42, 'Exploração.'),
	(166, 42, 'Compartilhamento.'),
	(167, 42, 'Evitação.'),
	(168, 42, 'Melhoria.'),
	(169, 43, 'Um risco que foi completamente eliminado.'),
	(170, 43, 'Um risco que permanece após a implementação das respostas.'),
	(171, 43, 'Um risco que não foi identificado.'),
	(172, 43, 'Um risco que se transformou em oportunidade.'),
	(173, 44, 'Um risco que só traz impactos negativos.'),
	(174, 44, 'Um risco que pode trazer benefícios se aproveitado.'),
	(175, 44, 'Um risco que não pode ser gerenciado.'),
	(176, 44, 'Um risco que já ocorreu.'),
	(177, 45, 'Garantir que todos os riscos sejam eliminados.'),
	(178, 45, 'Aumentar a incerteza nos projetos.'),
	(179, 45, 'Minimizar o impacto negativo e maximizar oportunidades.'),
	(180, 45, 'Ignorar os riscos para focar apenas nos resultados.'),
	(181, 46, 'Uma análise baseada em números e dados estatísticos.'),
	(182, 46, 'Uma análise subjetiva que prioriza riscos com base em sua gravidade e probabilidade.'),
	(183, 46, 'Uma análise que ignora a probabilidade dos riscos.'),
	(184, 46, 'Uma análise que só considera impactos financeiros.'),
	(185, 47, 'Uma análise que usa dados numéricos para avaliar riscos.'),
	(186, 47, 'Uma análise baseada apenas em opiniões.'),
	(187, 47, 'Uma análise que não considera o impacto dos riscos.'),
	(188, 47, 'Uma análise que ignora a probabilidade dos riscos.'),
	(189, 48, 'Um evento que indica que um risco pode estar prestes a ocorrer.'),
	(190, 48, 'Uma ferramenta para eliminar riscos.'),
	(191, 48, 'Um documento que descreve os riscos.'),
	(192, 48, 'Um tipo de risco positivo.'),
	(193, 49, 'Um documento que lista todos os riscos identificados e suas características.'),
	(194, 49, 'Um relatório financeiro.'),
	(195, 49, 'Uma lista de tarefas concluídas.'),
	(196, 49, 'Um gráfico de Gantt.'),
	(197, 50, 'Mitigação.'),
	(198, 50, 'Exploração.'),
	(199, 50, 'Evitação.'),
	(200, 50, 'Transferência.'),
	(201, 51, 'Eliminar o risco completamente.'),
	(202, 51, 'Passar a responsabilidade do risco para outra parte.'),
	(203, 51, 'Ignorar o risco.'),
	(204, 51, 'Aumentar o risco.'),
	(205, 52, 'Decidir não agir sobre um risco.'),
	(206, 52, 'Eliminar o risco.'),
	(207, 52, 'Transferir o risco para outra parte.'),
	(208, 52, 'Aumentar o risco.'),
	(209, 53, 'Para garantir que os riscos sejam ignorados.'),
	(210, 53, 'Para identificar novos riscos e avaliar a eficácia das respostas.'),
	(211, 53, 'Para aumentar a probabilidade dos riscos.'),
	(212, 53, 'Para eliminar todos os riscos imediatamente.'),
	(213, 54, 'Um risco que existe antes de qualquer ação de mitigação.'),
	(214, 54, 'Um risco que foi completamente eliminado.'),
	(215, 54, 'Um risco que só ocorre após a mitigação.'),
	(216, 54, 'Um risco que não pode ser identificado.'),
	(217, 55, 'Definir um padrão para a certificação de profissionais em gestão de riscos.'),
	(218, 55, 'Fornecer diretrizes para a implementação de um sistema de gestão de riscos eficaz.'),
	(219, 55, 'Estabelecer requisitos mínimos para a identificação de riscos em projetos.'),
	(220, 55, 'Criar um modelo de análise quantitativa de riscos para empresas de capital aberto.'),
	(221, 56, 'A probabilidade de um evento de risco ocorrer.'),
	(222, 56, 'O impacto máximo que um risco pode causar.'),
	(223, 56, 'O nível de risco que uma organização está disposta a aceitar para atingir seus objetivos.'),
	(224, 56, 'A estratégia de transferência de riscos para terceiros.'),
	(225, 57, 'Risco puro tem potencial de perda ou ganho, enquanto o especulativo só tem potencial de perda.'),
	(226, 57, 'Risco puro só tem potencial de perda, enquanto o especulativo tem potencial de perda ou ganho.'),
	(227, 57, 'Risco puro é mensurável, enquanto o especulativo não é.'),
	(228, 57, 'Risco puro é interno à organização, enquanto o especulativo é externo.'),
	(229, 58, 'Identificar riscos internos e externos à organização.'),
	(230, 58, 'Avaliar a probabilidade e o impacto dos riscos.'),
	(231, 58, 'Desenvolver planos de contingência para os riscos identificados.'),
	(232, 58, 'Monitorar a eficácia das ações de resposta aos riscos.'),
	(233, 59, 'O risco que permanece após a implementação das ações de resposta.'),
	(234, 59, 'O risco que foi transferido para terceiros.'),
	(235, 59, 'O risco que foi evitado pela organização.'),
	(236, 59, 'O risco que ainda não foi identificado.'),
	(237, 60, 'Informar os stakeholders sobre a situação e as ações tomadas.'),
	(238, 60, 'Minimizar o impacto da crise na reputação da organização.'),
	(239, 60, 'Garantir a transparência e a confiança dos stakeholders.'),
	(240, 60, 'Todas as alternativas acima.'),
	(241, 61, 'Uma métrica para medir a probabilidade de um risco ocorrer.'),
	(242, 61, 'Uma métrica para medir o impacto de um risco.'),
	(243, 61, 'Uma métrica para monitorar a eficácia das ações de resposta aos riscos.'),
	(244, 61, 'Uma métrica para identificar riscos emergentes.'),
	(245, 62, 'Risco é mensurável, enquanto incerteza não é.'),
	(246, 62, 'Risco é interno à organização, enquanto incerteza é externa.'),
	(247, 62, 'Risco tem potencial de perda ou ganho, enquanto incerteza só tem potencial de perda.'),
	(248, 62, 'Risco é controlável, enquanto incerteza não é.'),
	(249, 63, 'Uma técnica para identificar riscos em projetos complexos.'),
	(250, 63, 'Uma técnica para analisar a probabilidade e o impacto de riscos financeiros.'),
	(251, 63, 'Uma técnica para desenvolver planos de contingência para riscos operacionais.'),
	(252, 63, 'Uma técnica para monitorar a eficácia das ações de resposta aos riscos de mercado.'),
	(253, 64, 'Garantir a conformidade com as leis e regulamentos.'),
	(254, 64, 'Proteger os interesses dos stakeholders.'),
	(255, 64, 'Melhorar a tomada de decisões estratégicas.'),
	(256, 64, 'Todas as alternativas acima.'),
	(257, 65, 'A perda de dados confidenciais devido a um ataque hacker.'),
	(258, 65, 'A interrupção dos serviços online devido a um ataque de negação de serviço.'),
	(259, 65, 'A violação da privacidade dos clientes devido a um vazamento de dados.'),
	(260, 65, 'Todas as alternativas acima.'),
	(261, 66, 'Risco estratégico afeta a estratégia da organização, enquanto o operacional afeta as operações do dia a dia.'),
	(262, 66, 'Risco estratégico é interno à organização, enquanto o operacional é externo.'),
	(263, 66, 'Risco estratégico é mensurável, enquanto o operacional não é.'),
	(264, 66, 'Risco estratégico é controlável, enquanto o operacional não é.'),
	(265, 67, 'Um plano para evitar todos os riscos operacionais.'),
	(266, 67, 'Um plano para lidar com a interrupção das operações devido a um evento de risco.'),
	(267, 67, 'Um plano para transferir todos os riscos estratégicos para terceiros.'),
	(268, 67, 'Um plano para ignorar os riscos de mercado.'),
	(269, 68, 'Identificar riscos emergentes e tendências futuras.'),
	(270, 68, 'Avaliar a probabilidade e o impacto de riscos estratégicos.'),
	(271, 68, 'Desenvolver planos de contingência para riscos operacionais.'),
	(272, 68, 'Monitorar a eficácia das ações de resposta aos riscos de mercado.'),
	(273, 69, 'A perda de clientes devido a um produto ou serviço de má qualidade.'),
	(274, 69, 'A perda de confiança dos stakeholders devido a um escândalo ou crise.'),
	(275, 69, 'A perda de valor da marca devido a uma campanha de marketing negativa.'),
	(276, 69, 'Todas as alternativas acima.'),
	(277, 70, 'Um plano para aumentar os riscos.'),
	(278, 70, 'Um plano que define ações a serem tomadas se um risco ocorrer.'),
	(279, 70, 'Um plano para ignorar riscos.'),
	(280, 70, 'Um plano que elimina todos os riscos.'),
	(281, 71, 'Um risco relacionado a operações diárias.'),
	(282, 71, 'Um risco que afeta os objetivos de longo prazo de uma organização.'),
	(283, 71, 'Um risco financeiro de curto prazo.'),
	(284, 71, 'Um risco relacionado a falhas de equipamentos.'),
	(285, 72, 'Uma técnica para calcular custos.'),
	(286, 72, 'Uma técnica de geração de ideias em grupo para identificar riscos.'),
	(287, 72, 'Uma técnica para monitorar riscos.'),
	(288, 72, 'Uma técnica para eliminar riscos.'),
	(289, 73, 'Uma análise de custos.'),
	(290, 73, 'Uma análise de forças, fraquezas, oportunidades e ameaças.'),
	(291, 73, 'Uma análise de tempo e custo.'),
	(292, 73, 'Uma análise de riscos financeiros.'),
	(293, 74, 'Um risco relacionado a decisões estratégicas.'),
	(294, 74, 'Um risco relacionado a processos, sistemas e pessoas.'),
	(295, 74, 'Um risco relacionado a mudanças no mercado.'),
	(296, 74, 'Um risco relacionado a investimentos financeiros.'),
	(297, 75, 'Uma técnica para prever resultados financeiros.'),
	(298, 75, 'Uma técnica que avalia como diferentes cenários podem impactar os objetivos.'),
	(299, 75, 'Uma técnica para eliminar riscos.'),
	(300, 75, 'Uma técnica para monitorar riscos.'),
	(301, 76, 'Um risco relacionado a processos internos.'),
	(302, 76, 'Um risco relacionado a perdas financeiras ou volatilidade de mercado.'),
	(303, 76, 'Um risco relacionado a falhas de equipamentos.'),
	(304, 76, 'Um risco relacionado a decisões estratégicas.'),
	(305, 77, 'Uma técnica de coleta de opiniões de especialistas de forma anônima e iterativa.'),
	(306, 77, 'Uma técnica para calcular custos.'),
	(307, 77, 'Uma técnica para monitorar riscos.'),
	(308, 77, 'Uma técnica para eliminar riscos.'),
	(309, 78, 'Um risco relacionado ao não cumprimento de leis e regulamentos.'),
	(310, 78, 'Um risco relacionado a falhas de equipamentos.'),
	(311, 78, 'Um risco relacionado a decisões estratégicas.'),
	(312, 78, 'Um risco relacionado a processos internos.'),
	(313, 79, 'Uma técnica para identificar causas raiz de riscos.'),
	(314, 79, 'Uma técnica para calcular custos.'),
	(315, 79, 'Uma técnica para monitorar riscos.'),
	(316, 79, 'Uma técnica para eliminar riscos.'),
	(317, 80, 'Um risco relacionado a perdas financeiras.'),
	(318, 80, 'Um risco relacionado a danos à imagem da organização.'),
	(319, 80, 'Um risco relacionado a falhas de equipamentos.'),
	(320, 80, 'Um risco relacionado a decisões estratégicas.'),
	(321, 81, 'Uma técnica para simular diferentes cenários e probabilidades.'),
	(322, 81, 'Uma técnica para calcular custos.'),
	(323, 81, 'Uma técnica para monitorar riscos.'),
	(324, 81, 'Uma técnica para eliminar riscos.'),
	(325, 82, 'Um risco relacionado a operações diárias.'),
	(326, 82, 'Um risco relacionado ao não cumprimento de prazos, custos ou escopo.'),
	(327, 82, 'Um risco relacionado a decisões estratégicas.'),
	(328, 82, 'Um risco relacionado a falhas de equipamentos.'),
	(329, 83, 'Uma técnica para avaliar como mudanças em variáveis impactam os resultados.'),
	(330, 83, 'Uma técnica para calcular custos.'),
	(331, 83, 'Uma técnica para monitorar riscos.'),
	(332, 83, 'Uma técnica para eliminar riscos.'),
	(333, 84, 'Um risco relacionado a processos internos.'),
	(334, 84, 'Um risco relacionado a mudanças nas condições de mercado.'),
	(335, 84, 'Um risco relacionado a falhas de equipamentos.'),
	(336, 84, 'Um risco relacionado a decisões estratégicas.'),
	(337, 85, 'Uma técnica para avaliar como riscos afetam as operações e objetivos.'),
	(338, 85, 'Uma técnica para calcular custos.'),
	(339, 85, 'Uma técnica para monitorar riscos.'),
	(340, 85, 'Uma técnica para eliminar riscos.'),
	(341, 86, 'Um risco relacionado a falhas ou obsolescência de sistemas e equipamentos.'),
	(342, 86, 'Um risco relacionado a decisões estratégicas.'),
	(343, 86, 'Um risco relacionado a processos internos.'),
	(344, 86, 'Um risco relacionado a perdas financeiras.'),
	(345, 87, 'Uma técnica para identificar as causas fundamentais de riscos.'),
	(346, 87, 'Uma técnica para calcular custos.'),
	(347, 87, 'Uma técnica para monitorar riscos.'),
	(348, 87, 'Uma técnica para eliminar riscos.'),
	(349, 88, 'Um risco relacionado a falhas ou atrasos de fornecedores.'),
	(350, 88, 'Um risco relacionado a decisões estratégicas.'),
	(351, 88, 'Um risco relacionado a processos internos.'),
	(352, 88, 'Um risco relacionado a perdas financeiras.'),
	(353, 89, 'Uma técnica para comparar práticas e desempenho com outras organizações.'),
	(354, 89, 'Uma técnica para calcular custos.'),
	(355, 89, 'Uma técnica para monitorar riscos.'),
	(356, 89, 'Uma técnica para eliminar riscos.'),
	(357, 90, 'Um risco relacionado a vazamento ou perda de dados.'),
	(358, 90, 'Um risco relacionado a decisões estratégicas.'),
	(359, 90, 'Um risco relacionado a processos internos.'),
	(360, 90, 'Um risco relacionado a perdas financeiras.'),
	(361, 91, 'Uma técnica estatística para prever relações entre variáveis.'),
	(362, 91, 'Uma técnica para calcular custos.'),
	(363, 91, 'Uma técnica para monitorar riscos.'),
	(364, 91, 'Uma técnica para eliminar riscos.'),
	(365, 92, 'Um risco relacionado a resistência a mudanças internas.'),
	(366, 92, 'Um risco relacionado a decisões estratégicas.'),
	(367, 92, 'Um risco relacionado a processos internos.'),
	(368, 92, 'Um risco relacionado a perdas financeiras.'),
	(369, 93, 'Uma técnica para identificar os riscos mais significativos (80/20).'),
	(370, 93, 'Uma técnica para calcular custos.'),
	(371, 93, 'Uma técnica para monitorar riscos.'),
	(372, 93, 'Uma técnica para eliminar riscos.'),
	(373, 94, 'Um risco relacionado a impactos no meio ambiente.'),
	(374, 94, 'Um risco relacionado a decisões estratégicas.'),
	(375, 94, 'Um risco relacionado a processos internos.'),
	(376, 94, 'Um risco relacionado a perdas financeiras.'),
	(377, 95, 'Uma técnica para avaliar opções de resposta a riscos.'),
	(378, 95, 'Uma técnica para calcular custos.'),
	(379, 95, 'Uma técnica para monitorar riscos.'),
	(380, 95, 'Uma técnica para eliminar riscos.'),
	(381, 96, 'Um risco relacionado a falhas de fornecedores ou parceiros.'),
	(382, 96, 'Um risco relacionado a decisões estratégicas.'),
	(383, 96, 'Um risco relacionado a processos internos.'),
	(384, 96, 'Um risco relacionado a perdas financeiras.'),
	(385, 97, 'Uma técnica para comparar custos e benefícios de respostas a riscos.'),
	(386, 97, 'Uma técnica para calcular custos.'),
	(387, 97, 'Uma técnica para monitorar riscos.'),
	(388, 97, 'Uma técnica para eliminar riscos.'),
	(389, 98, 'Um risco relacionado a ações de concorrentes.'),
	(390, 98, 'Um risco relacionado a decisões estratégicas.'),
	(391, 98, 'Um risco relacionado a processos internos.'),
	(392, 98, 'Um risco relacionado a perdas financeiras.'),
	(393, 99, 'Uma técnica para identificar e avaliar o impacto de partes interessadas nos riscos.'),
	(394, 99, 'Uma técnica para calcular custos.'),
	(395, 99, 'Uma técnica para monitorar riscos.'),
	(396, 99, 'Uma técnica para eliminar riscos.'),
	(397, 100, 'Um risco relacionado ao desenvolvimento de novas tecnologias ou produtos.'),
	(398, 100, 'Um risco relacionado a decisões estratégicas.'),
	(399, 100, 'Um risco relacionado a processos internos.'),
	(400, 100, 'Um risco relacionado a perdas financeiras.'),
	(401, 101, 'Uma técnica para avaliar como riscos interagem entre si.'),
	(402, 101, 'Uma técnica para calcular custos.'),
	(403, 101, 'Uma técnica para monitorar riscos.'),
	(404, 101, 'Uma técnica para eliminar riscos.'),
	(405, 102, 'Um risco relacionado a falhas na gestão e controle da organização.'),
	(406, 102, 'Um risco relacionado a decisões estratégicas.'),
	(407, 102, 'Um risco relacionado a processos internos.'),
	(408, 102, 'Um risco relacionado a perdas financeiras.'),
	(409, 103, 'Uma técnica para prever riscos com base em padrões históricos.'),
	(410, 103, 'Uma técnica para calcular custos.'),
	(411, 103, 'Uma técnica para monitorar riscos.'),
	(412, 103, 'Uma técnica para eliminar riscos.'),
	(413, 104, 'Um risco relacionado a interrupções na cadeia de fornecimento.'),
	(414, 104, 'Um risco relacionado a decisões estratégicas.'),
	(415, 104, 'Um risco relacionado a processos internos.'),
	(416, 104, 'Um risco relacionado a perdas financeiras.'),
	(417, 105, 'Alternativa A da Pergunta 105'),
	(418, 105, 'Alternativa B da Pergunta 105'),
	(419, 105, 'Alternativa C da Pergunta 105'),
	(420, 105, 'Alternativa D da Pergunta 105'),
	(421, 106, 'Alternativa A da Pergunta 106'),
	(422, 106, 'Alternativa B da Pergunta 106'),
	(423, 106, 'Alternativa C da Pergunta 106'),
	(424, 106, 'Alternativa D da Pergunta 106'),
	(425, 107, 'Alternativa A da Pergunta 107'),
	(426, 107, 'Alternativa B da Pergunta 107'),
	(427, 107, 'Alternativa C da Pergunta 107'),
	(428, 107, 'Alternativa D da Pergunta 107'),
	(429, 108, 'Alternativa A da Pergunta 108'),
	(430, 108, 'Alternativa B da Pergunta 108'),
	(431, 108, 'Alternativa C da Pergunta 108'),
	(432, 108, 'Alternativa D da Pergunta 108'),
	(433, 109, 'Alternativa A da Pergunta 109'),
	(434, 109, 'Alternativa B da Pergunta 109'),
	(435, 109, 'Alternativa C da Pergunta 109'),
	(436, 109, 'Alternativa D da Pergunta 109'),
	(437, 110, 'Alternativa A da Pergunta 110'),
	(438, 110, 'Alternativa B da Pergunta 110'),
	(439, 110, 'Alternativa C da Pergunta 110'),
	(440, 110, 'Alternativa D da Pergunta 110'),
	(441, 111, 'Alternativa A da Pergunta 111'),
	(442, 111, 'Alternativa B da Pergunta 111'),
	(443, 111, 'Alternativa C da Pergunta 111'),
	(444, 111, 'Alternativa D da Pergunta 111'),
	(445, 112, 'Alternativa A da Pergunta 112'),
	(446, 112, 'Alternativa B da Pergunta 112'),
	(447, 112, 'Alternativa C da Pergunta 112'),
	(448, 112, 'Alternativa D da Pergunta 112'),
	(449, 113, 'Alternativa A da Pergunta 113'),
	(450, 113, 'Alternativa B da Pergunta 113'),
	(451, 113, 'Alternativa C da Pergunta 113'),
	(452, 113, 'Alternativa D da Pergunta 113'),
	(453, 114, 'Alternativa A da Pergunta 114'),
	(454, 114, 'Alternativa B da Pergunta 114'),
	(455, 114, 'Alternativa C da Pergunta 114'),
	(456, 114, 'Alternativa D da Pergunta 114'),
	(457, 115, 'Alternativa A da Pergunta 115'),
	(458, 115, 'Alternativa B da Pergunta 115'),
	(459, 115, 'Alternativa C da Pergunta 115'),
	(460, 115, 'Alternativa D da Pergunta 115'),
	(461, 116, 'Alternativa A da Pergunta 116'),
	(462, 116, 'Alternativa B da Pergunta 116'),
	(463, 116, 'Alternativa C da Pergunta 116'),
	(464, 116, 'Alternativa D da Pergunta 116'),
	(465, 117, 'Alternativa A da Pergunta 117'),
	(466, 117, 'Alternativa B da Pergunta 117'),
	(467, 117, 'Alternativa C da Pergunta 117'),
	(468, 117, 'Alternativa D da Pergunta 117'),
	(469, 118, 'Alternativa A da Pergunta 118'),
	(470, 118, 'Alternativa B da Pergunta 118'),
	(471, 118, 'Alternativa C da Pergunta 118'),
	(472, 118, 'Alternativa D da Pergunta 118'),
	(473, 119, 'Alternativa A da Pergunta 119'),
	(474, 119, 'Alternativa B da Pergunta 119'),
	(475, 119, 'Alternativa C da Pergunta 119'),
	(476, 119, 'Alternativa D da Pergunta 119'),
	(477, 120, 'Alternativa A da Pergunta 120'),
	(478, 120, 'Alternativa B da Pergunta 120'),
	(479, 120, 'Alternativa C da Pergunta 120'),
	(480, 120, 'Alternativa D da Pergunta 120'),
	(481, 121, 'Alternativa A da Pergunta 121'),
	(482, 121, 'Alternativa B da Pergunta 121'),
	(483, 121, 'Alternativa C da Pergunta 121'),
	(484, 121, 'Alternativa D da Pergunta 121'),
	(485, 122, 'Alternativa A da Pergunta 122'),
	(486, 122, 'Alternativa B da Pergunta 122'),
	(487, 122, 'Alternativa C da Pergunta 122'),
	(488, 122, 'Alternativa D da Pergunta 122'),
	(489, 123, 'Alternativa A da Pergunta 123'),
	(490, 123, 'Alternativa B da Pergunta 123'),
	(491, 123, 'Alternativa C da Pergunta 123'),
	(492, 123, 'Alternativa D da Pergunta 123'),
	(493, 124, 'Alternativa A da Pergunta 124'),
	(494, 124, 'Alternativa B da Pergunta 124'),
	(495, 124, 'Alternativa C da Pergunta 124'),
	(496, 124, 'Alternativa D da Pergunta 124'),
	(497, 125, 'Alternativa A da Pergunta 125'),
	(498, 125, 'Alternativa B da Pergunta 125'),
	(499, 125, 'Alternativa C da Pergunta 125'),
	(500, 125, 'Alternativa D da Pergunta 125'),
	(501, 126, 'Alternativa A da Pergunta 126'),
	(502, 126, 'Alternativa B da Pergunta 126'),
	(503, 126, 'Alternativa C da Pergunta 126'),
	(504, 126, 'Alternativa D da Pergunta 126'),
	(505, 127, 'Alternativa A da Pergunta 127'),
	(506, 127, 'Alternativa B da Pergunta 127'),
	(507, 127, 'Alternativa C da Pergunta 127'),
	(508, 127, 'Alternativa D da Pergunta 127'),
	(509, 128, 'Alternativa A da Pergunta 128'),
	(510, 128, 'Alternativa B da Pergunta 128'),
	(511, 128, 'Alternativa C da Pergunta 128'),
	(512, 128, 'Alternativa D da Pergunta 128'),
	(513, 129, 'Alternativa A da Pergunta 129'),
	(514, 129, 'Alternativa B da Pergunta 129'),
	(515, 129, 'Alternativa C da Pergunta 129'),
	(516, 129, 'Alternativa D da Pergunta 129'),
	(517, 130, 'Alternativa A da Pergunta 130'),
	(518, 130, 'Alternativa B da Pergunta 130'),
	(519, 130, 'Alternativa C da Pergunta 130'),
	(520, 130, 'Alternativa D da Pergunta 130'),
	(521, 131, 'Alternativa A da Pergunta 131'),
	(522, 131, 'Alternativa B da Pergunta 131'),
	(523, 131, 'Alternativa C da Pergunta 131'),
	(524, 131, 'Alternativa D da Pergunta 131'),
	(525, 132, 'Alternativa A da Pergunta 132'),
	(526, 132, 'Alternativa B da Pergunta 132'),
	(527, 132, 'Alternativa C da Pergunta 132'),
	(528, 132, 'Alternativa D da Pergunta 132'),
	(529, 133, 'Alternativa A da Pergunta 133'),
	(530, 133, 'Alternativa B da Pergunta 133'),
	(531, 133, 'Alternativa C da Pergunta 133'),
	(532, 133, 'Alternativa D da Pergunta 133'),
	(533, 134, 'Alternativa A da Pergunta 134'),
	(534, 134, 'Alternativa B da Pergunta 134'),
	(535, 134, 'Alternativa C da Pergunta 134'),
	(536, 134, 'Alternativa D da Pergunta 134'),
	(537, 135, 'Alternativa A da Pergunta 135'),
	(538, 135, 'Alternativa B da Pergunta 135'),
	(539, 135, 'Alternativa C da Pergunta 135'),
	(540, 135, 'Alternativa D da Pergunta 135'),
	(541, 136, 'Alternativa A da Pergunta 136'),
	(542, 136, 'Alternativa B da Pergunta 136'),
	(543, 136, 'Alternativa C da Pergunta 136'),
	(544, 136, 'Alternativa D da Pergunta 136'),
	(545, 137, 'Alternativa A da Pergunta 137'),
	(546, 137, 'Alternativa B da Pergunta 137'),
	(547, 137, 'Alternativa C da Pergunta 137'),
	(548, 137, 'Alternativa D da Pergunta 137'),
	(549, 138, 'Alternativa A da Pergunta 138'),
	(550, 138, 'Alternativa B da Pergunta 138'),
	(551, 138, 'Alternativa C da Pergunta 138'),
	(552, 138, 'Alternativa D da Pergunta 138'),
	(553, 139, 'Alternativa A da Pergunta 139'),
	(554, 139, 'Alternativa B da Pergunta 139'),
	(555, 139, 'Alternativa C da Pergunta 139'),
	(556, 139, 'Alternativa D da Pergunta 139'),
	(557, 140, 'Alternativa A da Pergunta 140'),
	(558, 140, 'Alternativa B da Pergunta 140'),
	(559, 140, 'Alternativa C da Pergunta 140'),
	(560, 140, 'Alternativa D da Pergunta 140'),
	(561, 141, 'Alternativa A da Pergunta 141'),
	(562, 141, 'Alternativa B da Pergunta 141'),
	(563, 141, 'Alternativa C da Pergunta 141'),
	(564, 141, 'Alternativa D da Pergunta 141'),
	(565, 142, 'Alternativa A da Pergunta 142'),
	(566, 142, 'Alternativa B da Pergunta 142'),
	(567, 142, 'Alternativa C da Pergunta 142'),
	(568, 142, 'Alternativa D da Pergunta 142'),
	(569, 143, 'Alternativa A da Pergunta 143'),
	(570, 143, 'Alternativa B da Pergunta 143'),
	(571, 143, 'Alternativa C da Pergunta 143'),
	(572, 143, 'Alternativa D da Pergunta 143'),
	(573, 144, 'Alternativa A da Pergunta 144'),
	(574, 144, 'Alternativa B da Pergunta 144'),
	(575, 144, 'Alternativa C da Pergunta 144'),
	(576, 144, 'Alternativa D da Pergunta 144'),
	(577, 145, 'Alternativa A da Pergunta 145'),
	(578, 145, 'Alternativa B da Pergunta 145'),
	(579, 145, 'Alternativa C da Pergunta 145'),
	(580, 145, 'Alternativa D da Pergunta 145'),
	(581, 146, 'Alternativa A da Pergunta 146'),
	(582, 146, 'Alternativa B da Pergunta 146'),
	(583, 146, 'Alternativa C da Pergunta 146'),
	(584, 146, 'Alternativa D da Pergunta 146'),
	(585, 147, 'Alternativa A da Pergunta 147'),
	(586, 147, 'Alternativa B da Pergunta 147'),
	(587, 147, 'Alternativa C da Pergunta 147'),
	(588, 147, 'Alternativa D da Pergunta 147'),
	(589, 148, 'Alternativa A da Pergunta 148'),
	(590, 148, 'Alternativa B da Pergunta 148'),
	(591, 148, 'Alternativa C da Pergunta 148'),
	(592, 148, 'Alternativa D da Pergunta 148'),
	(593, 149, 'Alternativa A da Pergunta 149'),
	(594, 149, 'Alternativa B da Pergunta 149'),
	(595, 149, 'Alternativa C da Pergunta 149'),
	(596, 149, 'Alternativa D da Pergunta 149'),
	(597, 150, 'Alternativa A da Pergunta 150'),
	(598, 150, 'Alternativa B da Pergunta 150'),
	(599, 150, 'Alternativa C da Pergunta 150'),
	(600, 150, 'Alternativa D da Pergunta 150'),
	(601, 151, 'Alternativa A da Pergunta 151'),
	(602, 151, 'Alternativa B da Pergunta 151'),
	(603, 151, 'Alternativa C da Pergunta 151'),
	(604, 151, 'Alternativa D da Pergunta 151'),
	(605, 152, 'Alternativa A da Pergunta 152'),
	(606, 152, 'Alternativa B da Pergunta 152'),
	(607, 152, 'Alternativa C da Pergunta 152'),
	(608, 152, 'Alternativa D da Pergunta 152'),
	(609, 153, 'Alternativa A da Pergunta 153'),
	(610, 153, 'Alternativa B da Pergunta 153'),
	(611, 153, 'Alternativa C da Pergunta 153'),
	(612, 153, 'Alternativa D da Pergunta 153'),
	(613, 154, 'Alternativa A da Pergunta 154'),
	(614, 154, 'Alternativa B da Pergunta 154'),
	(615, 154, 'Alternativa C da Pergunta 154'),
	(616, 154, 'Alternativa D da Pergunta 154'),
	(617, 155, 'Alternativa A da Pergunta 155'),
	(618, 155, 'Alternativa B da Pergunta 155'),
	(619, 155, 'Alternativa C da Pergunta 155'),
	(620, 155, 'Alternativa D da Pergunta 155'),
	(621, 156, 'Alternativa A da Pergunta 156'),
	(622, 156, 'Alternativa B da Pergunta 156'),
	(623, 156, 'Alternativa C da Pergunta 156'),
	(624, 156, 'Alternativa D da Pergunta 156'),
	(625, 157, 'Alternativa A da Pergunta 157'),
	(626, 157, 'Alternativa B da Pergunta 157'),
	(627, 157, 'Alternativa C da Pergunta 157'),
	(628, 157, 'Alternativa D da Pergunta 157'),
	(629, 158, 'Alternativa A da Pergunta 158'),
	(630, 158, 'Alternativa B da Pergunta 158'),
	(631, 158, 'Alternativa C da Pergunta 158'),
	(632, 158, 'Alternativa D da Pergunta 158'),
	(633, 159, 'Alternativa A da Pergunta 159'),
	(634, 159, 'Alternativa B da Pergunta 159'),
	(635, 159, 'Alternativa C da Pergunta 159'),
	(636, 159, 'Alternativa D da Pergunta 159'),
	(637, 160, 'Alternativa A da Pergunta 160'),
	(638, 160, 'Alternativa B da Pergunta 160'),
	(639, 160, 'Alternativa C da Pergunta 160'),
	(640, 160, 'Alternativa D da Pergunta 160'),
	(641, 161, 'Alternativa A da Pergunta 161'),
	(642, 161, 'Alternativa B da Pergunta 161'),
	(643, 161, 'Alternativa C da Pergunta 161'),
	(644, 161, 'Alternativa D da Pergunta 161'),
	(645, 162, 'Alternativa A da Pergunta 162'),
	(646, 162, 'Alternativa B da Pergunta 162'),
	(647, 162, 'Alternativa C da Pergunta 162'),
	(648, 162, 'Alternativa D da Pergunta 162'),
	(649, 163, 'Alternativa A da Pergunta 163'),
	(650, 163, 'Alternativa B da Pergunta 163'),
	(651, 163, 'Alternativa C da Pergunta 163'),
	(652, 163, 'Alternativa D da Pergunta 163'),
	(653, 164, 'Alternativa A da Pergunta 164'),
	(654, 164, 'Alternativa B da Pergunta 164'),
	(655, 164, 'Alternativa C da Pergunta 164'),
	(656, 164, 'Alternativa D da Pergunta 164'),
	(657, 165, 'Alternativa A da Pergunta 165'),
	(658, 165, 'Alternativa B da Pergunta 165'),
	(659, 165, 'Alternativa C da Pergunta 165'),
	(660, 165, 'Alternativa D da Pergunta 165'),
	(661, 166, 'Alternativa A da Pergunta 166'),
	(662, 166, 'Alternativa B da Pergunta 166'),
	(663, 166, 'Alternativa C da Pergunta 166'),
	(664, 166, 'Alternativa D da Pergunta 166'),
	(665, 167, 'Alternativa A da Pergunta 167'),
	(666, 167, 'Alternativa B da Pergunta 167'),
	(667, 167, 'Alternativa C da Pergunta 167'),
	(668, 167, 'Alternativa D da Pergunta 167'),
	(669, 168, 'Alternativa A da Pergunta 168'),
	(670, 168, 'Alternativa B da Pergunta 168'),
	(671, 168, 'Alternativa C da Pergunta 168'),
	(672, 168, 'Alternativa D da Pergunta 168'),
	(673, 169, 'Alternativa A da Pergunta 169'),
	(674, 169, 'Alternativa B da Pergunta 169'),
	(675, 169, 'Alternativa C da Pergunta 169'),
	(676, 169, 'Alternativa D da Pergunta 169'),
	(677, 170, 'Alternativa A da Pergunta 170'),
	(678, 170, 'Alternativa B da Pergunta 170'),
	(679, 170, 'Alternativa C da Pergunta 170'),
	(680, 170, 'Alternativa D da Pergunta 170'),
	(681, 171, 'Alternativa A da Pergunta 171'),
	(682, 171, 'Alternativa B da Pergunta 171'),
	(683, 171, 'Alternativa C da Pergunta 171'),
	(684, 171, 'Alternativa D da Pergunta 171'),
	(685, 172, 'Alternativa A da Pergunta 172'),
	(686, 172, 'Alternativa B da Pergunta 172'),
	(687, 172, 'Alternativa C da Pergunta 172'),
	(688, 172, 'Alternativa D da Pergunta 172'),
	(689, 173, 'Alternativa A da Pergunta 173'),
	(690, 173, 'Alternativa B da Pergunta 173'),
	(691, 173, 'Alternativa C da Pergunta 173'),
	(692, 173, 'Alternativa D da Pergunta 173'),
	(693, 174, 'Alternativa A da Pergunta 174'),
	(694, 174, 'Alternativa B da Pergunta 174'),
	(695, 174, 'Alternativa C da Pergunta 174'),
	(696, 174, 'Alternativa D da Pergunta 174'),
	(697, 175, 'Alternativa A da Pergunta 175'),
	(698, 175, 'Alternativa B da Pergunta 175'),
	(699, 175, 'Alternativa C da Pergunta 175'),
	(700, 175, 'Alternativa D da Pergunta 175'),
	(701, 176, 'Alternativa A da Pergunta 176'),
	(702, 176, 'Alternativa B da Pergunta 176'),
	(703, 176, 'Alternativa C da Pergunta 176'),
	(704, 176, 'Alternativa D da Pergunta 176'),
	(705, 177, 'Alternativa A da Pergunta 177'),
	(706, 177, 'Alternativa B da Pergunta 177'),
	(707, 177, 'Alternativa C da Pergunta 177'),
	(708, 177, 'Alternativa D da Pergunta 177'),
	(709, 178, 'Alternativa A da Pergunta 178'),
	(710, 178, 'Alternativa B da Pergunta 178'),
	(711, 178, 'Alternativa C da Pergunta 178'),
	(712, 178, 'Alternativa D da Pergunta 178'),
	(713, 179, 'Alternativa A da Pergunta 179'),
	(714, 179, 'Alternativa B da Pergunta 179'),
	(715, 179, 'Alternativa C da Pergunta 179'),
	(716, 179, 'Alternativa D da Pergunta 179'),
	(717, 180, 'Alternativa A da Pergunta 180'),
	(718, 180, 'Alternativa B da Pergunta 180'),
	(719, 180, 'Alternativa C da Pergunta 180'),
	(720, 180, 'Alternativa D da Pergunta 180'),
	(721, 181, 'Alternativa A da Pergunta 181'),
	(722, 181, 'Alternativa B da Pergunta 181'),
	(723, 181, 'Alternativa C da Pergunta 181'),
	(724, 181, 'Alternativa D da Pergunta 181'),
	(725, 182, 'Alternativa A da Pergunta 182'),
	(726, 182, 'Alternativa B da Pergunta 182'),
	(727, 182, 'Alternativa C da Pergunta 182'),
	(728, 182, 'Alternativa D da Pergunta 182'),
	(729, 183, 'Alternativa A da Pergunta 183'),
	(730, 183, 'Alternativa B da Pergunta 183'),
	(731, 183, 'Alternativa C da Pergunta 183'),
	(732, 183, 'Alternativa D da Pergunta 183'),
	(733, 184, 'Alternativa A da Pergunta 184'),
	(734, 184, 'Alternativa B da Pergunta 184'),
	(735, 184, 'Alternativa C da Pergunta 184'),
	(736, 184, 'Alternativa D da Pergunta 184'),
	(737, 185, 'Alternativa A da Pergunta 185'),
	(738, 185, 'Alternativa B da Pergunta 185'),
	(739, 185, 'Alternativa C da Pergunta 185'),
	(740, 185, 'Alternativa D da Pergunta 185'),
	(741, 186, 'Alternativa A da Pergunta 186'),
	(742, 186, 'Alternativa B da Pergunta 186'),
	(743, 186, 'Alternativa C da Pergunta 186'),
	(744, 186, 'Alternativa D da Pergunta 186'),
	(745, 187, 'Alternativa A da Pergunta 187'),
	(746, 187, 'Alternativa B da Pergunta 187'),
	(747, 187, 'Alternativa C da Pergunta 187'),
	(748, 187, 'Alternativa D da Pergunta 187'),
	(749, 188, 'Alternativa A da Pergunta 188'),
	(750, 188, 'Alternativa B da Pergunta 188'),
	(751, 188, 'Alternativa C da Pergunta 188'),
	(752, 188, 'Alternativa D da Pergunta 188'),
	(753, 189, 'Alternativa A da Pergunta 189'),
	(754, 189, 'Alternativa B da Pergunta 189'),
	(755, 189, 'Alternativa C da Pergunta 189'),
	(756, 189, 'Alternativa D da Pergunta 189'),
	(757, 190, 'Alternativa A da Pergunta 190'),
	(758, 190, 'Alternativa B da Pergunta 190'),
	(759, 190, 'Alternativa C da Pergunta 190'),
	(760, 190, 'Alternativa D da Pergunta 190'),
	(761, 191, 'Alternativa A da Pergunta 191'),
	(762, 191, 'Alternativa B da Pergunta 191'),
	(763, 191, 'Alternativa C da Pergunta 191'),
	(764, 191, 'Alternativa D da Pergunta 191'),
	(765, 192, 'Alternativa A da Pergunta 192'),
	(766, 192, 'Alternativa B da Pergunta 192'),
	(767, 192, 'Alternativa C da Pergunta 192'),
	(768, 192, 'Alternativa D da Pergunta 192'),
	(769, 193, 'Alternativa A da Pergunta 193'),
	(770, 193, 'Alternativa B da Pergunta 193'),
	(771, 193, 'Alternativa C da Pergunta 193'),
	(772, 193, 'Alternativa D da Pergunta 193'),
	(773, 194, 'Alternativa A da Pergunta 194'),
	(774, 194, 'Alternativa B da Pergunta 194'),
	(775, 194, 'Alternativa C da Pergunta 194'),
	(776, 194, 'Alternativa D da Pergunta 194'),
	(777, 195, 'Alternativa A da Pergunta 195'),
	(778, 195, 'Alternativa B da Pergunta 195'),
	(779, 195, 'Alternativa C da Pergunta 195'),
	(780, 195, 'Alternativa D da Pergunta 195'),
	(781, 196, 'Alternativa A da Pergunta 196'),
	(782, 196, 'Alternativa B da Pergunta 196'),
	(783, 196, 'Alternativa C da Pergunta 196'),
	(784, 196, 'Alternativa D da Pergunta 196'),
	(785, 197, 'Alternativa A da Pergunta 197'),
	(786, 197, 'Alternativa B da Pergunta 197'),
	(787, 197, 'Alternativa C da Pergunta 197'),
	(788, 197, 'Alternativa D da Pergunta 197'),
	(789, 198, 'Alternativa A da Pergunta 198'),
	(790, 198, 'Alternativa B da Pergunta 198'),
	(791, 198, 'Alternativa C da Pergunta 198'),
	(792, 198, 'Alternativa D da Pergunta 198'),
	(793, 199, 'Alternativa A da Pergunta 199'),
	(794, 199, 'Alternativa B da Pergunta 199'),
	(795, 199, 'Alternativa C da Pergunta 199'),
	(796, 199, 'Alternativa D da Pergunta 199'),
	(797, 200, 'Alternativa A da Pergunta 200'),
	(798, 200, 'Alternativa B da Pergunta 200'),
	(799, 200, 'Alternativa C da Pergunta 200'),
	(800, 200, 'Alternativa D da Pergunta 200');

-- Copiando estrutura para tabela quiz.campos
CREATE TABLE IF NOT EXISTS `campos` (
  `id_campo` int(11) NOT NULL AUTO_INCREMENT,
  `nome` varchar(100) NOT NULL,
  PRIMARY KEY (`id_campo`)
) ENGINE=InnoDB AUTO_INCREMENT=4 DEFAULT CHARSET=utf8mb3 COLLATE=utf8mb3_general_ci;

-- Copiando dados para a tabela quiz.campos: ~3 rows (aproximadamente)
DELETE FROM `campos`;
INSERT INTO `campos` (`id_campo`, `nome`) VALUES
	(1, 'Área'),
	(2, 'Cargo'),
	(3, 'Setor');

-- Copiando estrutura para tabela quiz.lista_valores
CREATE TABLE IF NOT EXISTS `lista_valores` (
  `id_item` int(11) NOT NULL AUTO_INCREMENT,
  `valor` varchar(500) NOT NULL,
  `descricao` varchar(500) DEFAULT NULL,
  `ativo` enum('S','N') NOT NULL DEFAULT 'S',
  `id_campo` int(11) NOT NULL,
  PRIMARY KEY (`id_item`),
  KEY `campo` (`id_campo`),
  CONSTRAINT `campo` FOREIGN KEY (`id_campo`) REFERENCES `campos` (`id_campo`) ON DELETE NO ACTION ON UPDATE NO ACTION
) ENGINE=InnoDB AUTO_INCREMENT=37 DEFAULT CHARSET=utf8mb3 COLLATE=utf8mb3_general_ci;

-- Copiando dados para a tabela quiz.lista_valores: ~36 rows (aproximadamente)
DELETE FROM `lista_valores`;
INSERT INTO `lista_valores` (`id_item`, `valor`, `descricao`, `ativo`, `id_campo`) VALUES
	(1, 'Administração/Gestão', 'Responsável pela gestão geral da empresa, planejamento estratégico, organização e controle.', 'S', 1),
	(2, 'Operações/Produção', 'Encarregada da produção de bens ou serviços, controle de qualidade, logística e processos operacionais.', 'S', 1),
	(3, 'Comercial/Vendas', 'Focada na venda dos produtos ou serviços da empresa, prospecção de clientes, gestão de contas e estratégias de vendas.', 'S', 1),
	(4, 'Marketing', 'Responsável pela promoção da marca, produtos e serviços, pesquisa de mercado, comunicação e publicidade.', 'S', 1),
	(5, 'Financeiro', 'Gerencia as finanças da empresa, incluindo fluxo de caixa, contabilidade, investimentos, impostos e análise financeira.', 'S', 1),
	(6, 'Recursos Humanos (RH)', 'Cuida da gestão de pessoas, recrutamento e seleção, treinamento e desenvolvimento, folha de pagamento, benefícios e relações trabalhistas.', 'S', 1),
	(7, 'Tecnologia da Informação (TI)', 'Responsável pela infraestrutura tecnológica da empresa, sistemas de informação, segurança de dados e suporte técnico.', 'S', 1),
	(8, 'Jurídico', 'Lida com questões legais, contratos, propriedade intelectual, litígios e conformidade.', 'S', 1),
	(9, 'Compras/Suprimentos', 'Responsável pela aquisição de bens e serviços necessários para a operação da empresa.', 'S', 1),
	(10, 'Logística/Distribuição', 'Encarregada do transporte, armazenamento e entrega de produtos aos clientes.', 'S', 1),
	(11, 'Pesquisa e Desenvolvimento (P&D)', 'Focada na criação de novos produtos, serviços ou processos, e na inovação.', 'S', 1),
	(12, 'Atendimento ao Cliente/Suporte', 'Responsável por interagir com os clientes, solucionar dúvidas, reclamações e oferecer suporte.', 'S', 1),
	(13, 'Comunicação', 'Cuida da comunicação interna e externa da empresa, relações públicas e imagem corporativa.', 'S', 1),
	(14, 'Qualidade', 'Garante que os produtos e serviços da empresa atendam aos padrões de qualidade estabelecidos.', 'S', 1),
	(15, 'Segurança do Trabalho', 'Responsável pela segurança e saúde dos colaboradores no ambiente de trabalho.', 'S', 1),
	(16, 'Meio Ambiente', 'Cuida das questões ambientais relacionadas às operações da empresa e sua sustentabilidade.', 'S', 1),
	(17, 'Comércio Exterior', 'Para empresas que atuam em mercados internacionais, cuidando de importação e exportação.', 'S', 1),
	(18, 'Engenharia', 'Em empresas industriais ou de construção, responsável por projetos, manutenção e processos de engenharia.', 'S', 1),
	(19, 'Saúde e Segurança', 'Em alguns setores, pode haver uma área específica focada na saúde ocupacional dos funcionários.', 'S', 1),
	(20, 'Auxiliar (Administrativo, de Produção, de Serviços, etc.)', NULL, 'S', 2),
	(21, 'Assistente (Administrativo, de Marketing, Financeiro, etc.)', NULL, 'S', 2),
	(22, 'Operador (de Máquinas, de Produção, de Telemarketing, etc.)', NULL, 'S', 2),
	(23, 'Técnico (em Eletrônica, em Informática, em Manutenção, etc.)', NULL, 'S', 2),
	(24, 'Supervisor (de Produção, de Vendas, Administrativo, etc.)', NULL, 'S', 2),
	(25, 'Encarregado (de Setor, de Equipe)', NULL, 'S', 2),
	(26, 'Analista Júnior/Pleno (Financeiro, de Marketing, de RH, de TI, etc.)', NULL, 'S', 2),
	(27, 'Coordenador (de Projetos, de Equipe, de Área)', NULL, 'S', 2),
	(28, 'Especialista (em uma área específica do conhecimento)', NULL, 'S', 2),
	(29, 'Gerente (de Departamento, de Área, de Projetos)', NULL, 'S', 2),
	(30, 'Diretor (de Marketing, Financeiro, de Operações, de RH, etc.)', NULL, 'S', 2),
	(31, 'Vice-Presidente (de uma divisão ou área estratégica)', NULL, 'S', 2),
	(32, 'Presidente (CEO - Chief Executive Officer)', NULL, 'S', 2),
	(33, 'Sócio/Proprietário', NULL, 'S', 2),
	(34, 'Setor Primário', NULL, 'S', 3),
	(35, 'Setor Secundário', NULL, 'S', 3),
	(36, 'Setor Terciário', NULL, 'S', 3);

-- Copiando estrutura para tabela quiz.nivel
CREATE TABLE IF NOT EXISTS `nivel` (
  `idnivel` int(11) NOT NULL AUTO_INCREMENT,
  `nivel` varchar(100) NOT NULL,
  `pontuacao` tinyint(1) NOT NULL,
  PRIMARY KEY (`idnivel`)
) ENGINE=InnoDB AUTO_INCREMENT=5 DEFAULT CHARSET=utf8mb3 COLLATE=utf8mb3_general_ci;

-- Copiando dados para a tabela quiz.nivel: ~4 rows (aproximadamente)
DELETE FROM `nivel`;
INSERT INTO `nivel` (`idnivel`, `nivel`, `pontuacao`) VALUES
	(1, 'Fácil', 1),
	(2, 'Médio', 2),
	(3, 'Difícil', 3),
	(4, 'Avançado', 4);

-- Copiando estrutura para tabela quiz.perguntas
CREATE TABLE IF NOT EXISTS `perguntas` (
  `idpergunta` int(11) NOT NULL AUTO_INCREMENT,
  `pergunta` varchar(500) NOT NULL,
  `nivel_idnivel` int(11) NOT NULL,
  PRIMARY KEY (`idpergunta`),
  KEY `fk_pergunta_nivel1_idx` (`nivel_idnivel`),
  CONSTRAINT `fk_pergunta_nivel1` FOREIGN KEY (`nivel_idnivel`) REFERENCES `nivel` (`idnivel`)
) ENGINE=InnoDB AUTO_INCREMENT=201 DEFAULT CHARSET=utf8mb3 COLLATE=utf8mb3_general_ci;

-- Copiando dados para a tabela quiz.perguntas: ~200 rows (aproximadamente)
DELETE FROM `perguntas`;
INSERT INTO `perguntas` (`idpergunta`, `pergunta`, `nivel_idnivel`) VALUES
	(1, 'O que é um risco no contexto da gestão de projetos?', 1),
	(2, 'Qual das seguintes opções NÃO é uma etapa do processo de gestão de riscos?', 1),
	(3, 'Qual a ferramenta mais utilizada para identificar riscos?', 1),
	(4, 'O que é um plano de resposta a riscos?', 1),
	(5, 'Qual a importância da comunicação na gestão de riscos?', 1),
	(6, 'O que é risco?', 1),
	(7, 'Qual o objetivo principal da gestão de riscos?', 1),
	(8, 'Qual a primeira etapa do processo de gestão de riscos?', 1),
	(9, 'O que é um risco estratégico?', 1),
	(10, 'O que é um risco operacional?', 1),
	(11, 'O que é um risco financeiro?', 1),
	(12, 'O que é um risco de reputação?', 1),
	(13, 'O que é um risco ambiental?', 1),
	(14, 'O que é um risco de segurança da informação?', 1),
	(15, 'O que é um plano de resposta a riscos?', 1),
	(16, 'O que é probabilidade de risco?', 1),
	(17, 'O que é impacto de risco?', 1),
	(18, 'O que é matriz de riscos?', 1),
	(19, 'O que é apetite a risco?', 1),
	(20, 'O que é tolerância a risco?', 1),
	(21, 'O que é mitigação de riscos?', 1),
	(22, 'O que é transferência de riscos?', 1),
	(23, 'O que é aceitação de riscos?', 1),
	(24, 'O que é monitoramento de riscos?', 1),
	(25, 'O que é um risco?', 1),
	(26, 'Qual das seguintes opções NÃO é uma etapa do processo de gestão de riscos?', 1),
	(27, 'O que é a probabilidade de um risco?', 1),
	(28, 'O que é o impacto de um risco?', 1),
	(29, 'Qual das seguintes opções é um exemplo de risco em um projeto de construção?', 1),
	(30, 'O que é uma matriz de riscos?', 1),
	(31, 'Qual das seguintes opções é uma estratégia de tratamento de riscos?', 1),
	(32, 'O que é o monitoramento de riscos?', 1),
	(33, 'Qual das seguintes opções é um benefício da gestão de riscos?', 1),
	(34, 'O que é a cultura de gestão de riscos?', 1),
	(35, 'O que é Gestão de Riscos?', 1),
	(36, 'Qual é o primeiro passo no processo de Gestão de Riscos?', 1),
	(37, 'O que é um risco em Gestão de Riscos?', 1),
	(38, 'Qual dos seguintes é um exemplo de risco negativo?', 1),
	(39, 'O que é uma matriz de probabilidade e impacto?', 1),
	(40, 'O que significa "mitigar" um risco?', 1),
	(41, 'O que é um Plano de Resposta a Riscos?', 1),
	(42, 'Qual das seguintes é uma estratégia para riscos negativos?', 1),
	(43, 'O que é um risco residual?', 1),
	(44, 'O que é um risco oportunidade?', 1),
	(45, 'Qual é o objetivo principal da Gestão de Riscos?', 1),
	(46, 'O que é uma análise qualitativa de riscos?', 1),
	(47, 'O que é uma análise quantitativa de riscos?', 1),
	(48, 'O que é um "trigger" em Gestão de Riscos?', 1),
	(49, 'O que é um registro de riscos?', 1),
	(50, 'Qual das seguintes é uma estratégia para riscos positivos?', 1),
	(51, 'O que é a transferência de riscos?', 1),
	(52, 'O que é aceitação de riscos?', 1),
	(53, 'Qual é a importância do monitoramento contínuo de riscos?', 1),
	(54, 'O que é um risco inerente?', 1),
	(55, 'Qual o objetivo principal da ISO 31000?', 2),
	(56, 'O que é apetite de risco?', 2),
	(57, 'Qual a diferença entre risco puro e risco especulativo?', 2),
	(58, 'Qual a finalidade da análise SWOT na gestão de riscos?', 2),
	(59, 'O que é risco residual?', 2),
	(60, 'Qual a importância da comunicação de riscos na gestão de crises?', 2),
	(61, 'O que é um indicador chave de risco (KRI)?', 2),
	(62, 'Qual a diferença entre risco e incerteza?', 2),
	(63, 'O que é um modelo de simulação de Monte Carlo?', 2),
	(64, 'Qual a importância da gestão de riscos para a governança corporativa?', 2),
	(65, 'O que é um risco cibernético?', 2),
	(66, 'Qual a diferença entre risco estratégico e risco operacional?', 2),
	(67, 'O que é um plano de continuidade de negócios (PCN)?', 2),
	(68, 'Qual a importância da análise de cenários na gestão de riscos?', 2),
	(69, 'O que é um risco de reputação?', 2),
	(70, 'O que é um Plano de Contingência?', 2),
	(71, 'O que é um risco estratégico?', 2),
	(72, 'O que é a técnica de "Brainstorming" na identificação de riscos?', 2),
	(73, 'O que é a análise SWOT em Gestão de Riscos?', 2),
	(74, 'O que é um risco operacional?', 2),
	(75, 'O que é a técnica de "Análise de Cenários" em Gestão de Riscos?', 2),
	(76, 'O que é um risco financeiro?', 2),
	(77, 'O que é a técnica de "Delphi" em Gestão de Riscos?', 2),
	(78, 'O que é um risco de compliance?', 2),
	(79, 'O que é a técnica de "Análise de Árvore de Falhas"?', 2),
	(80, 'O que é um risco de reputação?', 2),
	(81, 'O que é a técnica de "Análise de Monte Carlo"?', 2),
	(82, 'O que é um risco de projeto?', 2),
	(83, 'O que é a técnica de "Análise de Sensibilidade"?', 2),
	(84, 'O que é um risco de mercado?', 2),
	(85, 'O que é a técnica de "Análise de Impacto no Negócio"?', 2),
	(86, 'O que é um risco de tecnologia?', 2),
	(87, 'O que é a técnica de "Análise de Causa Raiz"?', 2),
	(88, 'O que é um risco de fornecedor?', 2),
	(89, 'O que é a técnica de "Análise de Benchmarking"?', 2),
	(90, 'O que é um risco de segurança da informação?', 2),
	(91, 'O que é a técnica de "Análise de Regressão"?', 2),
	(92, 'O que é um risco de mudança organizacional?', 2),
	(93, 'O que é a técnica de "Análise de Pareto"?', 2),
	(94, 'O que é um risco ambiental?', 2),
	(95, 'O que é a técnica de "Análise de Decisão"?', 2),
	(96, 'O que é um risco de terceirização?', 2),
	(97, 'O que é a técnica de "Análise de Custo-Benefício"?', 2),
	(98, 'O que é um risco de concorrência?', 2),
	(99, 'O que é a técnica de "Análise de Stakeholders"?', 2),
	(100, 'O que é um risco de inovação?', 2),
	(101, 'O que é a técnica de "Análise de Impacto Cruzado"?', 2),
	(102, 'O que é um risco de governança?', 2),
	(103, 'O que é a técnica de "Análise de Tendências"?', 2),
	(104, 'O que é um risco de cadeia de suprimentos?', 2),
	(105, 'Pergunta 105', 3),
	(106, 'Pergunta 106', 3),
	(107, 'Pergunta 107', 3),
	(108, 'Pergunta 108', 3),
	(109, 'Pergunta 109', 3),
	(110, 'Pergunta 110', 3),
	(111, 'Pergunta 111', 3),
	(112, 'Pergunta 112', 3),
	(113, 'Pergunta 113', 3),
	(114, 'Pergunta 114', 3),
	(115, 'Pergunta 115', 3),
	(116, 'Pergunta 116', 3),
	(117, 'Pergunta 117', 3),
	(118, 'Pergunta 118', 3),
	(119, 'Pergunta 119', 3),
	(120, 'Pergunta 120', 3),
	(121, 'Pergunta 121', 3),
	(122, 'Pergunta 122', 3),
	(123, 'Pergunta 123', 3),
	(124, 'Pergunta 124', 3),
	(125, 'Pergunta 125', 3),
	(126, 'Pergunta 126', 3),
	(127, 'Pergunta 127', 3),
	(128, 'Pergunta 128', 3),
	(129, 'Pergunta 129', 3),
	(130, 'Pergunta 130', 3),
	(131, 'Pergunta 131', 3),
	(132, 'Pergunta 132', 3),
	(133, 'Pergunta 133', 3),
	(134, 'Pergunta 134', 3),
	(135, 'Pergunta 135', 3),
	(136, 'Pergunta 136', 3),
	(137, 'Pergunta 137', 3),
	(138, 'Pergunta 138', 3),
	(139, 'Pergunta 139', 3),
	(140, 'Pergunta 140', 3),
	(141, 'Pergunta 141', 3),
	(142, 'Pergunta 142', 3),
	(143, 'Pergunta 143', 3),
	(144, 'Pergunta 144', 3),
	(145, 'Pergunta 145', 3),
	(146, 'Pergunta 146', 3),
	(147, 'Pergunta 147', 3),
	(148, 'Pergunta 148', 3),
	(149, 'Pergunta 149', 3),
	(150, 'Pergunta 150', 3),
	(151, 'Pergunta 151', 4),
	(152, 'Pergunta 152', 4),
	(153, 'Pergunta 153', 4),
	(154, 'Pergunta 154', 4),
	(155, 'Pergunta 155', 4),
	(156, 'Pergunta 156', 4),
	(157, 'Pergunta 157', 4),
	(158, 'Pergunta 158', 4),
	(159, 'Pergunta 159', 4),
	(160, 'Pergunta 160', 4),
	(161, 'Pergunta 161', 4),
	(162, 'Pergunta 162', 4),
	(163, 'Pergunta 163', 4),
	(164, 'Pergunta 164', 4),
	(165, 'Pergunta 165', 4),
	(166, 'Pergunta 166', 4),
	(167, 'Pergunta 167', 4),
	(168, 'Pergunta 168', 4),
	(169, 'Pergunta 169', 4),
	(170, 'Pergunta 170', 4),
	(171, 'Pergunta 171', 4),
	(172, 'Pergunta 172', 4),
	(173, 'Pergunta 173', 4),
	(174, 'Pergunta 174', 4),
	(175, 'Pergunta 175', 4),
	(176, 'Pergunta 176', 4),
	(177, 'Pergunta 177', 4),
	(178, 'Pergunta 178', 4),
	(179, 'Pergunta 179', 4),
	(180, 'Pergunta 180', 4),
	(181, 'Pergunta 181', 4),
	(182, 'Pergunta 182', 4),
	(183, 'Pergunta 183', 4),
	(184, 'Pergunta 184', 4),
	(185, 'Pergunta 185', 4),
	(186, 'Pergunta 186', 4),
	(187, 'Pergunta 187', 4),
	(188, 'Pergunta 188', 4),
	(189, 'Pergunta 189', 4),
	(190, 'Pergunta 190', 4),
	(191, 'Pergunta 191', 4),
	(192, 'Pergunta 192', 4),
	(193, 'Pergunta 193', 4),
	(194, 'Pergunta 194', 4),
	(195, 'Pergunta 195', 4),
	(196, 'Pergunta 196', 4),
	(197, 'Pergunta 197', 4),
	(198, 'Pergunta 198', 4),
	(199, 'Pergunta 199', 4),
	(200, 'Pergunta 200', 4);

-- Copiando estrutura para tabela quiz.respostas_usuarios
CREATE TABLE IF NOT EXISTS `respostas_usuarios` (
  `usuarios_idusuario` int(11) NOT NULL,
  `pergunta_idpergunta` int(11) NOT NULL,
  `alternativas_idalternativas` int(11) NOT NULL,
  `datahora_resposta` datetime NOT NULL,
  KEY `fk_respostas_usuarios_pergunta1_idx` (`pergunta_idpergunta`),
  KEY `fk_respostas_usuarios_usuarios1_idx` (`usuarios_idusuario`),
  KEY `fk_respostas_usuarios_alternativas1_idx` (`alternativas_idalternativas`),
  CONSTRAINT `fk_respostas_usuarios_alternativas1` FOREIGN KEY (`alternativas_idalternativas`) REFERENCES `alternativas` (`idalternativas`),
  CONSTRAINT `fk_respostas_usuarios_pergunta1` FOREIGN KEY (`pergunta_idpergunta`) REFERENCES `perguntas` (`idpergunta`),
  CONSTRAINT `fk_respostas_usuarios_usuarios1` FOREIGN KEY (`usuarios_idusuario`) REFERENCES `usuarios` (`idusuario`)
) ENGINE=InnoDB DEFAULT CHARSET=utf8mb3 COLLATE=utf8mb3_general_ci;

-- Copiando dados para a tabela quiz.respostas_usuarios: ~36 rows (aproximadamente)
DELETE FROM `respostas_usuarios`;
INSERT INTO `respostas_usuarios` (`usuarios_idusuario`, `pergunta_idpergunta`, `alternativas_idalternativas`, `datahora_resposta`) VALUES
	(1, 1, 3, '2025-03-09 13:00:00'),
	(1, 1, 3, '2025-03-09 13:00:00'),
	(1, 2, 4, '2025-03-09 22:49:00'),
	(1, 2, 4, '2025-03-09 22:49:00'),
	(1, 2, 4, '2025-03-09 22:49:00'),
	(1, 2, 4, '2025-03-09 22:49:00'),
	(1, 3, 1, '2025-03-09 23:02:25'),
	(1, 2, 1, '2025-03-09 23:10:39'),
	(1, 2, 1, '2025-03-09 23:11:00'),
	(1, 2, 1, '2025-03-09 23:11:51'),
	(1, 2, 1, '2025-03-09 23:12:53'),
	(1, 2, 1, '2025-03-09 23:14:15'),
	(1, 2, 1, '2025-03-09 23:14:48'),
	(1, 2, 1, '2025-03-09 23:22:34'),
	(1, 2, 1, '2025-03-09 23:23:26'),
	(1, 2, 1, '2025-03-11 18:05:01'),
	(3, 4, 15, '2025-05-11 22:19:52'),
	(3, 12, 45, '2025-05-11 22:19:52'),
	(3, 16, 64, '2025-05-11 22:19:52'),
	(3, 26, 103, '2025-05-11 22:19:52'),
	(3, 32, 128, '2025-05-11 22:19:52'),
	(3, 35, 138, '2025-05-11 22:19:52'),
	(3, 38, 150, '2025-05-11 22:19:52'),
	(3, 39, 153, '2025-05-11 22:19:52'),
	(3, 40, 157, '2025-05-11 22:19:52'),
	(3, 45, 177, '2025-05-11 22:19:52'),
	(5, 4, 13, '2025-05-11 23:01:56'),
	(5, 20, 77, '2025-05-11 23:01:56'),
	(5, 34, 135, '2025-05-11 23:01:56'),
	(5, 44, 174, '2025-05-11 23:01:56'),
	(5, 48, 190, '2025-05-11 23:01:56'),
	(5, 57, 228, '2025-05-11 23:01:56'),
	(5, 65, 260, '2025-05-11 23:01:56'),
	(5, 79, 313, '2025-05-11 23:01:56'),
	(5, 92, 368, '2025-05-11 23:01:56'),
	(5, 101, 403, '2025-05-11 23:01:56');

-- Copiando estrutura para tabela quiz.resposta_certa
CREATE TABLE IF NOT EXISTS `resposta_certa` (
  `pergunta_idpergunta` int(11) NOT NULL,
  `alternativas_idalternativas` int(11) NOT NULL,
  `comentario` varchar(500) NOT NULL,
  PRIMARY KEY (`pergunta_idpergunta`,`alternativas_idalternativas`),
  KEY `fk_resposta_certa_alternativas1_idx` (`alternativas_idalternativas`),
  CONSTRAINT `fk_resposta_certa_alternativas1` FOREIGN KEY (`alternativas_idalternativas`) REFERENCES `alternativas` (`idalternativas`),
  CONSTRAINT `fk_resposta_certa_pergunta1` FOREIGN KEY (`pergunta_idpergunta`) REFERENCES `perguntas` (`idpergunta`)
) ENGINE=InnoDB DEFAULT CHARSET=utf8mb3 COLLATE=utf8mb3_general_ci;

-- Copiando dados para a tabela quiz.resposta_certa: ~104 rows (aproximadamente)
DELETE FROM `resposta_certa`;
INSERT INTO `resposta_certa` (`pergunta_idpergunta`, `alternativas_idalternativas`, `comentario`) VALUES
	(1, 2, 'Riscos são inerentes a qualquer projeto e podem ser tanto ameaças quanto oportunidades. A gestão de riscos busca identificar, analisar e responder a esses eventos para minimizar impactos negativos e maximizar os positivos.'),
	(2, 8, 'Ignorar os riscos é a pior abordagem possível. A gestão de riscos proativa é fundamental para o sucesso do projeto.'),
	(3, 12, 'Diversas ferramentas podem ser utilizadas na identificação de riscos, e a escolha depende do contexto e da complexidade do projeto.'),
	(4, 14, 'O plano de resposta a riscos define as estratégias para mitigar, transferir, aceitar ou evitar os riscos, garantindo que o projeto esteja preparado para lidar com os imprevistos.'),
	(5, 17, 'A comunicação transparente e eficaz é essencial para o sucesso da gestão de riscos, permitindo que todos os envolvidos compreendam os riscos e colaborem nas respostas.'),
	(6, 22, 'Risco envolve a incerteza de eventos futuros, que podem ter impactos tanto negativos quanto positivos.'),
	(7, 26, 'A gestão de riscos busca equilibrar a exposição aos riscos, aproveitando oportunidades e evitando perdas.'),
	(8, 30, 'Antes de analisar ou avaliar, é preciso saber quais riscos existem.'),
	(9, 34, 'Riscos estratégicos envolvem decisões importantes que podem comprometer o futuro da organização.'),
	(10, 37, 'Riscos operacionais podem causar interrupções, perdas financeiras e outros problemas no dia a dia da empresa.'),
	(11, 43, 'Riscos financeiros envolvem flutuações de mercado, inadimplência, entre outros fatores que podem afetar o caixa da empresa.'),
	(12, 46, 'A reputação é um ativo importante, e riscos como escândalos ou produtos defeituosos podem prejudicá-la.'),
	(13, 50, 'Riscos ambientais envolvem poluição, desastres naturais e outras questões que podem impactar o planeta.'),
	(14, 53, 'A segurança da informação é crucial para proteger dados confidenciais e evitar prejuízos financeiros e de reputação.'),
	(15, 58, 'O plano de resposta define como a empresa vai agir caso um risco se concretize.'),
	(16, 62, 'A probabilidade é um dos fatores que determinam a gravidade de um risco.'),
	(17, 66, 'O impacto mede o tamanho do prejuízo que um risco pode causar.'),
	(18, 70, 'A matriz de riscos ajuda a priorizar os riscos e definir as ações necessárias.'),
	(19, 74, 'O apetite a risco varia de empresa para empresa e depende de seus objetivos e valores.'),
	(20, 78, 'A tolerância define os limites dentro dos quais a empresa pode operar em relação aos riscos.'),
	(21, 82, 'A mitigação envolve ações preventivas e corretivas para diminuir a exposição aos riscos.'),
	(22, 86, 'A transferência é útil quando a empresa não tem capacidade ou interesse em lidar com um determinado risco.'),
	(23, 90, 'A aceitação é uma opção quando o custo de mitigar o risco é maior que o impacto potencial.'),
	(24, 94, 'O monitoramento é essencial para garantir que a gestão de riscos seja contínua e eficaz.'),
	(25, 98, 'Risco é a incerteza de um evento futuro que pode afetar os objetivos de um projeto ou organização, tanto para o bem quanto para o mal.'),
	(26, 104, 'A gestão de riscos envolve um processo sistemático e contínuo, e ignorar os riscos pode levar a consequências graves.'),
	(27, 106, 'A probabilidade é uma medida da possibilidade de um evento ocorrer, geralmente expressa em termos percentuais ou qualitativos (alta, média, baixa).'),
	(28, 110, 'O impacto é a magnitude das perdas ou ganhos que um evento pode causar, caso ocorra.'),
	(29, 116, 'Em projetos de construção, diversos fatores podem gerar riscos, como questões financeiras, climáticas e de recursos humanos.'),
	(30, 120, 'A matriz de riscos é uma representação visual que auxilia na priorização e gerenciamento dos riscos, combinando probabilidade e impacto.'),
	(31, 124, 'Existem diversas estratégias para lidar com os riscos, dependendo da sua natureza e do apetite a risco da organização.'),
	(32, 127, 'O monitoramento é essencial para garantir que os riscos sejam gerenciados de forma eficaz e que as ações de resposta sejam implementadas quando necessário.'),
	(33, 132, 'A gestão de riscos contribui para o sucesso de projetos e organizações, proporcionando diversos benefícios.'),
	(34, 133, 'A cultura de gestão de riscos é fundamental para que a gestão de riscos seja eficaz e integrada à estratégia da organização.'),
	(35, 138, 'A Gestão de Riscos envolve identificar, avaliar e tomar decisões para mitigar ou aproveitar os riscos.'),
	(36, 142, 'Antes de analisar ou responder aos riscos, é necessário identificá-los.'),
	(37, 146, 'Riscos podem ser tanto ameaças quanto oportunidades.'),
	(38, 150, 'Riscos negativos são aqueles que podem causar danos ou prejuízos.'),
	(39, 153, 'A matriz ajuda a classificar os riscos para focar nos mais críticos.'),
	(40, 158, 'Mitigar envolve tomar ações para diminuir os efeitos do risco.'),
	(41, 161, 'O plano define estratégias para lidar com os riscos identificados.'),
	(42, 167, 'Evitar um risco significa tomar ações para que ele não ocorra.'),
	(43, 170, 'Mesmo após ações de mitigação, alguns riscos ainda podem persistir.'),
	(44, 174, 'Riscos oportunidades são aqueles que, se bem gerenciados, podem trazer vantagens.'),
	(45, 179, 'O objetivo é equilibrar a redução de ameaças e o aproveitamento de oportunidades.'),
	(46, 182, 'A análise qualitativa usa critérios subjetivos para classificar riscos.'),
	(47, 185, 'A análise quantitativa envolve cálculos e modelos matemáticos.'),
	(48, 189, 'Triggers são sinais de alerta que ajudam a antecipar riscos.'),
	(49, 193, 'O registro de riscos é uma ferramenta essencial para acompanhar e gerenciar riscos.'),
	(50, 198, 'Explorar um risco positivo significa aproveitar ao máximo a oportunidade.'),
	(51, 202, 'A transferência envolve seguros ou terceirização de riscos.'),
	(52, 205, 'Às vezes, é mais viável aceitar o risco do que investir em sua mitigação.'),
	(53, 210, 'O monitoramento contínuo é crucial para uma gestão de riscos eficaz.'),
	(54, 213, 'Riscos inerentes são aqueles presentes antes de qualquer controle.'),
	(55, 218, 'A ISO 31000 é uma norma internacional que oferece um framework para a gestão de riscos em qualquer tipo de organização.'),
	(56, 223, 'O apetite de risco é um conceito fundamental para a gestão de riscos, pois define os limites dentro dos quais a organização opera.'),
	(57, 226, 'Essa é uma distinção importante na gestão de riscos, pois os riscos puros geralmente são seguráveis, enquanto os especulativos não.'),
	(58, 229, 'A análise SWOT (Forças, Fraquezas, Oportunidades e Ameaças) é uma ferramenta útil para identificar os riscos que podem afetar a organização.'),
	(59, 233, 'O risco residual é inevitável, mas deve ser monitorado e controlado para garantir que esteja dentro dos limites aceitáveis.'),
	(60, 240, 'A comunicação eficaz é fundamental para a gestão de crises, pois ajuda a controlar a situação e a minimizar os danos.'),
	(61, 241, 'Os KRIs são usados para monitorar os riscos e identificar tendências que podem indicar um aumento da probabilidade de ocorrência.'),
	(62, 245, 'Essa é uma distinção importante, pois a gestão de riscos se concentra em eventos mensuráveis, enquanto a gestão da incerteza lida com eventos imprevisíveis.'),
	(63, 250, 'A simulação de Monte Carlo é uma ferramenta poderosa para a análise quantitativa de riscos, pois permite modelar a incerteza e estimar a probabilidade de diferentes resultados.'),
	(64, 256, 'A gestão de riscos é um elemento essencial da governança corporativa, pois contribui para a transparência, a responsabilidade e a sustentabilidade da organização.'),
	(65, 260, 'Os riscos cibernéticos são uma preocupação crescente para as organizações, pois podem causar danos significativos à reputação, às finanças e à operação.'),
	(66, 261, 'Essa é uma distinção importante, pois os riscos estratégicos geralmente são de longo prazo e têm um impacto maior na organização.'),
	(67, 266, 'O PCN é essencial para garantir a resiliência da organização e a capacidade de se recuperar de eventos disruptivos.'),
	(68, 269, 'A análise de cenários é uma ferramenta útil para a gestão de riscos estratégicos, pois permite explorar diferentes futuros possíveis e identificar os riscos e oportunidades associados.'),
	(69, 276, 'Os riscos de reputação são cada vez mais importantes na era da informação, pois podem ter um impacto significativo na imagem e na sustentabilidade da organização.'),
	(70, 278, 'O plano de contingência é preparado para lidar com riscos que se materializam.'),
	(71, 282, 'Riscos estratégicos estão ligados à visão e direção da empresa.'),
	(72, 286, 'O brainstorming é uma ferramenta colaborativa para listar riscos potenciais.'),
	(73, 290, 'A SWOT ajuda a identificar riscos internos e externos.'),
	(74, 294, 'Riscos operacionais afetam a execução das atividades diárias.'),
	(75, 298, 'A análise de cenários ajuda a preparar respostas para situações variadas.'),
	(76, 302, 'Riscos financeiros envolvem incertezas sobre receitas, custos e investimentos.'),
	(77, 305, 'O método Delphi busca consenso entre especialistas sem confronto direto.'),
	(78, 309, 'Riscos de compliance podem resultar em multas e danos à reputação.'),
	(79, 313, 'A árvore de falhas ajuda a entender como eventos podem levar a riscos.'),
	(80, 318, 'Riscos de reputação podem afetar a confiança de clientes e parceiros.'),
	(81, 321, 'A análise de Monte Carlo usa simulações para prever resultados.'),
	(82, 326, 'Riscos de projeto podem impactar diretamente o sucesso da iniciativa.'),
	(83, 329, 'A análise de sensibilidade identifica variáveis críticas.'),
	(84, 334, 'Riscos de mercado incluem flutuações de preços e demanda.'),
	(85, 337, 'Essa análise ajuda a priorizar riscos com base no impacto.'),
	(86, 341, 'Riscos de tecnologia podem impactar a eficiência e competitividade.'),
	(87, 345, 'A análise de causa raiz busca resolver problemas de forma permanente.'),
	(88, 349, 'Riscos de fornecedor podem interromper a cadeia de suprimentos.'),
	(89, 353, 'O benchmarking ajuda a identificar melhores práticas e riscos potenciais.'),
	(90, 357, 'Riscos de segurança da informação podem causar danos significativos.'),
	(91, 361, 'A análise de regressão ajuda a entender como variáveis impactam riscos.'),
	(92, 365, 'Mudanças mal gerenciadas podem gerar conflitos e perda de produtividade.'),
	(93, 369, 'O princípio de Pareto sugere que 20% dos riscos causam 80% dos impactos.'),
	(94, 373, 'Riscos ambientais podem resultar em multas e danos à reputação.'),
	(95, 377, 'A análise de decisão ajuda a escolher a melhor estratégia para lidar com riscos.'),
	(96, 381, 'A terceirização pode trazer riscos de qualidade e dependência.'),
	(97, 385, 'Essa análise ajuda a escolher respostas economicamente viáveis.'),
	(98, 389, 'Riscos de concorrência podem afetar a participação no mercado.'),
	(99, 393, 'Stakeholders podem influenciar ou serem impactados pelos riscos.'),
	(100, 397, 'Inovações podem trazer incertezas e desafios.'),
	(101, 401, 'Essa análise ajuda a entender a interdependência entre riscos.'),
	(102, 405, 'Riscos de governança podem levar a má administração e fraudes.'),
	(103, 409, 'A análise de tendências ajuda a antecipar riscos futuros.'),
	(104, 413, 'Riscos na cadeia de suprimentos podem afetar a produção e entrega.');

-- Copiando estrutura para tabela quiz.usuarios
CREATE TABLE IF NOT EXISTS `usuarios` (
  `idusuario` int(11) NOT NULL AUTO_INCREMENT,
  `nome` varchar(100) NOT NULL,
  `setor` int(11) NOT NULL,
  `area` int(11) NOT NULL,
  `cargo` int(11) NOT NULL,
  `email` varchar(100) DEFAULT NULL,
  `telefone` varchar(100) DEFAULT NULL,
  `datacriacao` datetime NOT NULL,
  PRIMARY KEY (`idusuario`),
  KEY `area` (`area`),
  KEY `cargo` (`cargo`),
  KEY `setor` (`setor`),
  CONSTRAINT `area` FOREIGN KEY (`area`) REFERENCES `lista_valores` (`id_item`) ON DELETE NO ACTION ON UPDATE NO ACTION,
  CONSTRAINT `cargo` FOREIGN KEY (`cargo`) REFERENCES `lista_valores` (`id_item`) ON DELETE NO ACTION ON UPDATE NO ACTION,
  CONSTRAINT `setor` FOREIGN KEY (`setor`) REFERENCES `lista_valores` (`id_item`) ON DELETE NO ACTION ON UPDATE NO ACTION
) ENGINE=InnoDB AUTO_INCREMENT=6 DEFAULT CHARSET=utf8mb3 COLLATE=utf8mb3_general_ci;

-- Copiando dados para a tabela quiz.usuarios: ~4 rows (aproximadamente)
DELETE FROM `usuarios`;
INSERT INTO `usuarios` (`idusuario`, `nome`, `setor`, `area`, `cargo`, `email`, `telefone`, `datacriacao`) VALUES
	(2, 'Teste', 36, 1, 28, '', '', '2025-05-11 22:15:54'),
	(3, 'Teste 2', 34, 10, 31, '', '', '2025-05-11 22:19:31'),
	(4, 'Teste 3', 35, 7, 27, '', '', '2025-05-11 22:51:22'),
	(5, 'Teste 4', 34, 2, 25, '', '', '2025-05-11 23:01:37');

/*!40103 SET TIME_ZONE=IFNULL(@OLD_TIME_ZONE, 'system') */;
/*!40101 SET SQL_MODE=IFNULL(@OLD_SQL_MODE, '') */;
/*!40014 SET FOREIGN_KEY_CHECKS=IFNULL(@OLD_FOREIGN_KEY_CHECKS, 1) */;
/*!40101 SET CHARACTER_SET_CLIENT=@OLD_CHARACTER_SET_CLIENT */;
/*!40111 SET SQL_NOTES=IFNULL(@OLD_SQL_NOTES, 1) */;
